epoch,steps,cosine_pearson,cosine_spearman
1.0,90,0.7520056633762371,0.781267092541542
2.0,180,0.7334244862836743,0.7666369053988303
