epoch,steps,cosine_pearson,cosine_spearman
1.0,90,0.8425767455134517,0.8459361204041501
2.0,180,0.846434982335178,0.8492707002393232
